"Adresse","Occurrences","Title 1","Longueur du Title 1","Largeur en pixels du Title 1","Indexabilité","Statut d'indexabilité"
"https://www.reefperfumes.fr/","1","Reef Perfumes - Reef Perfumes","29","284","Indexable",""
"https://www.reefperfumes.fr/produit/reef-30-edp-100ml-parfum-classique/","1","REEF 30 EDP 100ml Parfum Classique - Reef Perfumes","50","489","Indexable",""
"https://www.reefperfumes.fr/categorie-produit/collection-classique/","1","Archives des Collection classique - 100ml - Reef Perfumes","57","519","Indexable",""
"https://www.reefperfumes.fr/produit/arabes-de-alula-edp-100ml-parfum/","1","Arabes de Alula EDP 100ml Parfum - Reef Perfumes","48","465","Indexable",""
"https://www.reefperfumes.fr/produit/niche-1-edp-50ml-parfum/","1","Niche 1 EDP 50ml Parfum - Reef Perfumes","39","381","Indexable",""
"https://www.reefperfumes.fr/produit/reef-2-edp-100ml-parfum-classique/","1","REEF 2 EDP 100ml Parfum Classique - Reef Perfumes","49","478","Indexable",""
"https://www.reefperfumes.fr/politique-de-confidentialite/","1","Politique de confidentialité - Reef Perfumes","44","389","Indexable",""
"https://www.reefperfumes.fr/produit/cartes-cadeaux/","1","REEF Perfumes cartes cadeaux - Reef Perfumes","44","429","Indexable",""
"https://www.reefperfumes.fr/produit/reef-meres-31-edp-50ml-parfum/","1","REEF 31 EDP 100ml Parfum - Reef Perfumes","40","397","Indexable",""
"https://www.reefperfumes.fr/produit/arabes-de-diriyah-edp-100ml-parfum/","1","Arabes de Diriyah EDP 100ml Parfum - Reef Perfumes","50","481","Indexable",""
"https://www.reefperfumes.fr/produit/reef-10-edp-100ml-parfum-classique/","1","REEF 10 EDP 100ml Parfum Classique - Reef Perfumes","50","489","Indexable",""
"https://www.reefperfumes.fr/produit/rose-dete-edp-100ml-parfum/","1","Rose d'été EDP 100ml Parfum - Reef Perfumes","43","417","Indexable",""
"https://www.reefperfumes.fr/categorie-produit/collection-mini/","1","Archives des Collection Mini - Reef Perfumes","44","401","Indexable",""
"https://www.reefperfumes.fr/politique-dexpedition/","1","Politique d’expédition - Reef Perfumes","38","342","Indexable",""
"https://www.reefperfumes.fr/categorie-produit/brume-pour-cheveux-et-corps/","1","Archives des Brumes cheveux et corps - Reef Perfumes","52","494","Indexable",""
"https://www.reefperfumes.fr/categorie-produit/nos-offres/","1","Archives des Nos offres - Reef Perfumes","39","362","Indexable",""
"https://www.reefperfumes.fr/produit/reef-19-edp-100ml-parfum-classique/","1","REEF 19 EDP 100ml Parfum Classique - Reef Perfumes","50","489","Indexable",""
"https://www.reefperfumes.fr/categorie-produit/collection-ete/","1","Archives des Collection Été - Reef Perfumes","43","392","Indexable",""
"https://www.reefperfumes.fr/produit/reef-27-edp-100ml-parfum-classique/","1","REEF 27 EDP 100ml Parfum Classique - Reef Perfumes","50","489","Indexable",""
"https://www.reefperfumes.fr/a-propos/","1","À propos - Reef Perfumes","24","229","Indexable",""
"https://www.reefperfumes.fr/liste-de-souhaits/","1","Liste de souhaits - Reef Perfumes","33","302","Indexable",""
"https://www.reefperfumes.fr/produit/reef-21-edp-100ml-parfum-classique/","1","REEF 21 EDP 100ml Parfum Classique - Reef Perfumes","50","489","Indexable",""
"https://www.reefperfumes.fr/produit/jaune-dete-edp-100ml-parfum/","1","Jaune d'été EDP 100ml Parfum - Reef Perfumes","44","428","Indexable",""
"https://www.reefperfumes.fr/produit/arabes-de-obaiah-edp-100ml-parfum/","1","Arabes de Obaiah EDP 100ml Parfum - Reef Perfumes","49","483","Indexable",""
"https://www.reefperfumes.fr/produit/arabes-de-tuwaiq-edp-100ml-parfum/","1","Arabes de Tuwaiq EDP 100ml Parfum - Reef Perfumes","49","485","Indexable",""
"https://www.reefperfumes.fr/produit/niche-4-edp-50ml-parfum/","1","Niche 4 EDP 50ml Parfum - Reef Perfumes","39","381","Indexable",""
"https://www.reefperfumes.fr/mon-compte/","1","Mon compte - Reef Perfumes","26","262","Non indexable","noindex"
"https://www.reefperfumes.fr/contact/","1","Contact - Reef Perfumes","23","220","Indexable",""
"https://www.reefperfumes.fr/conditions-dutilisation/","1","Conditions d’utilisation - Reef Perfumes","40","353","Indexable",""
"https://www.reefperfumes.fr/boutique/","1","Boutique - Reef Perfumes","24","229","Indexable",""
"https://www.reefperfumes.fr/categorie-produit/collection-de-niche/","1","Archives des Collection de Niche - Reef Perfumes","48","441","Indexable",""
"https://www.reefperfumes.fr/produit/recif-33-edp-100ml-parfum-classique/","1","REEF 33 EDP 100ml Parfum classique - Reef Perfumes","50","486","Indexable",""
"https://www.reefperfumes.fr/produit/niche-2-edp-50ml-parfum/","1","Niche 2 EDP 50ml Parfum - Reef Perfumes","39","381","Indexable",""
"https://www.reefperfumes.fr/conditions-generales-de-vente/","1","Conditions Générales de vente  - Reef Perfumes","46","423","Indexable",""
"https://www.reefperfumes.fr/panier/","1","Panier - Reef Perfumes","22","208","Non indexable","noindex"
"https://www.reefperfumes.fr/produit/reef-6-edp-100ml-parfum-classique/","1","REEF 6 EDP 100ml Parfum Classique - Reef Perfumes","49","478","Indexable",""
"https://www.reefperfumes.fr/produit/reef-11-edp-100ml-parfum-classique/","1","REEF 11 EDP 100ml Parfum Classique - Reef Perfumes","50","489","Indexable",""
"https://www.reefperfumes.fr/produit/reef-42-edp-100ml-parfum-classique/","1","REEF 42 EDP 100ml Parfum Classique - Reef Perfumes","50","489","Indexable",""
"https://www.reefperfumes.fr/politique-de-remboursement/","1","Politique de remboursement - Reef Perfumes","42","405","Indexable",""
"https://www.reefperfumes.fr/produit/tiffany-dete-edp-100ml-parfum/","1","Tiffany d'été EDP 100ml Parfum - Reef Perfumes","46","435","Indexable",""
"https://www.reefperfumes.fr/produit/reef-33-blanc-edp-100ml-parfum-classique/","1","REEF 33 BLANC EDP 100ml Parfum classique - Reef Perfumes","56","554","Indexable",""
"https://www.reefperfumes.fr/mon-compte/lost-password/","1","Mon compte - Reef Perfumes","26","262","Non indexable","Canonisé,noindex"
"https://www.reefperfumes.fr/categorie-produit/collection-arabic/","1","Archives des Collection Arabic - Reef Perfumes","46","420","Indexable",""
"https://www.reefperfumes.fr/categorie-produit/reef-perfumes/","1","Archives des REEF PERFUMES - Reef Perfumes","42","419","Indexable",""
"https://www.reefperfumes.fr/produit/force-200ml/","1","FORCE 200ml - Reef Perfumes","27","272","Indexable",""
"https://www.reefperfumes.fr/produit/blanc-breath-150ml/","1","Blanc Breath 150ml - Reef Perfumes","34","324","Indexable",""
"https://www.reefperfumes.fr/produit/blanc-nomad-150ml/","1","Blanc Nomad 150ml - Reef Perfumes","33","330","Indexable",""
"https://www.reefperfumes.fr/produit/volcano-200ml/","1","VOLCANO 200ml - Reef Perfumes","29","303","Indexable",""
"https://www.reefperfumes.fr/produit/reef-36-edp-100ml-parfum-classique/","1","REEF 36 EDP 50ml Parfum Classique - Reef Perfumes","49","478","Indexable",""
"https://www.reefperfumes.fr/produit/reef-31-edp-50ml-parfum/","1","REEF 31 EDP 50ml Parfum - Reef Perfumes","39","386","Indexable",""
"https://www.reefperfumes.fr/produit/reef-33-edp-100ml-parfum-classique-copie/","1","REEF 33 EDP 50ml Parfum classique - Reef Perfumes","49","475","Indexable",""
"https://www.reefperfumes.fr/produit/mini-reef-33-edp-15ml-parfum-classique/","1","Mini REEF 33 EDP 15ml Parfum Classique - Reef Perfumes","54","521","Indexable",""
"https://www.reefperfumes.fr/produit/mini-reef-11-edp-15ml-parfum-classique/","1","Mini REEF 11 EDP 15ml Parfum Classique - Reef Perfumes","54","521","Indexable",""
"https://www.reefperfumes.fr/produit/blanc-ash/","1","Blanc Ash 150ml - Reef Perfumes","31","299","Indexable",""
"https://www.reefperfumes.fr/produit/1-achete-le-2eme-a-20e/","1","1 acheté = le 2ème à 20€ - Reef Perfumes","40","374","Indexable",""
